{
  "swagger": "2.0",
  "info": {
    "description": "兼容爱华盈通人脸打卡设备.",
    "title": "打卡服务",
    "contact": {
      "name": "hoki",
      "url": "http://www.kaasworld.com",
      "email": "zhanxuejian@qq.com"
    },
    "license": {
      "name": "Apache 2.0",
      "url": "http://www.apache.org/licenses/LICENSE-2.0.html"
    },
    "version": "1.0"
  },
  "basePath": "/v1",
  "paths": {
    "/deleteAllPerson": {
      "get": {
        "description": "删除设备人员",
        "produces": [
          "application/json"
        ],
        "parameters": [
          {
            "type": "string",
            "description": "设备序列号",
            "name": "sn",
            "in": "query",
            "required": true
          }
        ],
        "responses": {
          "200": {
            "description": "OK",
            "schema": {
              "$ref": "#/definitions/entities.JQKFaceResponse"
            }
          }
        }
      }
    },
    "/syncPerson": {
      "post": {
        "description": "同步设备人员",
        "consumes": [
          "application/json"
        ],
        "produces": [
          "application/json"
        ],
        "parameters": [
          {
            "description": "json方式",
            "name": "jsonParam",
            "in": "body",
            "required": true,
            "schema": {
              "type": "array",
              "items": {
                "$ref": "#/definitions/handle.SyncPersonReqParam"
              }
            }
          }
        ],
        "responses": {
          "200": {
            "description": "OK",
            "schema": {
              "$ref": "#/definitions/entities.JQKFaceResponse"
            }
          },
          "500": {
            "description": "Internal Server Error",
            "schema": {
              "$ref": "#/definitions/entities.JQKFaceResponse"
            }
          }
        }
      }
    }
  },
  "definitions": {
    "entities.JQKFaceResponse": {
      "type": "object",
      "properties": {
        "code": {
          "type": "integer"
        },
        "msg": {
          "type": "string"
        }
      }
    },
    "handle.SyncPersonReqParam": {
      "type": "object",
      "properties": {
        "auth_id": {
          "type": "integer"
        },
        "employee_card_id": {
          "type": "string"
        },
        "end_time": {
          "type": "string"
        },
        "face_pic": {
          "type": "string"
        },
        "id_no": {
          "type": "string"
        },
        "name": {
          "type": "string"
        },
        "person_id": {
          "type": "integer"
        },
        "refer_id": {
          "type": "integer"
        },
        "refer_name": {
          "type": "string"
        },
        "sn": {
          "type": "string"
        },
        "start_time": {
          "type": "string"
        }
      }
    }
  }
}